,Cadenza-Labs_liars-bench_convincing-game_test,Cadenza-Labs_liars-bench_gender-secret_test,Cadenza-Labs_liars-bench_harm-pressure-choice_test,Cadenza-Labs_liars-bench_harm-pressure-knowledge-report_test,AVERAGE
mistralai/Mistral-Small-3.1-24B-Instruct-2503_Dense,0.9442379182156134,0.008658008658008658,0.8691322901849218,0.0007107320540156361,0.4556847372781399
AVERAGE,0.9442379182156134,0.008658008658008658,0.8691322901849218,0.0007107320540156361,0.4556847372781399
