,Cadenza-Labs_liars-bench_convincing-game_test,Cadenza-Labs_liars-bench_gender-secret_test,Cadenza-Labs_liars-bench_harm-pressure-choice_test,Cadenza-Labs_liars-bench_harm-pressure-knowledge-report_test,AVERAGE
mistralai/Mistral-Small-3.1-24B-Instruct-2503_Dense,0.9684014869888475,0.025974025974025976,0.8890469416785206,0.008528784648187633,0.47298780982239547
AVERAGE,0.9684014869888475,0.025974025974025976,0.8890469416785206,0.008528784648187633,0.47298780982239547
