,Cadenza-Labs_liars-bench_convincing-game_test,Cadenza-Labs_liars-bench_gender-secret_test,Cadenza-Labs_liars-bench_harm-pressure-choice_test,Cadenza-Labs_liars-bench_harm-pressure-knowledge-report_test,AVERAGE
google/gemma-2-27b_Dense,0.8401486988847584,0.20346320346320346,0.3755334281650071,0.20184790334044064,0.4052483084633524
AVERAGE,0.8401486988847584,0.20346320346320346,0.3755334281650071,0.20184790334044064,0.4052483084633524
