,Cadenza-Labs_liars-bench_convincing-game_test,Cadenza-Labs_liars-bench_gender-secret_test,Cadenza-Labs_liars-bench_harm-pressure-choice_test,Cadenza-Labs_liars-bench_harm-pressure-knowledge-report_test,AVERAGE
google/gemma-2-27b_Dense,0.9219330855018587,0.12121212121212122,0.2844950213371266,0.21961620469083157,0.38681410818548456
AVERAGE,0.9219330855018587,0.12121212121212122,0.2844950213371266,0.21961620469083157,0.38681410818548456
