,Cadenza-Labs_liars-bench_convincing-game_test,Cadenza-Labs_liars-bench_gender-secret_test,Cadenza-Labs_liars-bench_harm-pressure-choice_test,Cadenza-Labs_liars-bench_harm-pressure-knowledge-report_test,AVERAGE
google/gemma-2-27b_Dense,0.6608868826340946,0.46225776734251306,0.4785842844514113,0.3789853443058009,0.49517856968345497
AVERAGE,0.6608868826340946,0.46225776734251306,0.4785842844514113,0.3789853443058009,0.49517856968345497
