,Cadenza-Labs_liars-bench_convincing-game_test,Cadenza-Labs_liars-bench_gender-secret_test,Cadenza-Labs_liars-bench_harm-pressure-choice_test,Cadenza-Labs_liars-bench_harm-pressure-knowledge-report_test,AVERAGE
google/gemma-2-27b_Dense,0.9033457249070632,0.11255411255411256,0.30725462304409673,0.23880597014925373,0.39049010766363157
AVERAGE,0.9033457249070632,0.11255411255411256,0.30725462304409673,0.23880597014925373,0.39049010766363157
