,Cadenza-Labs_liars-bench_convincing-game_test,Cadenza-Labs_liars-bench_gender-secret_test,Cadenza-Labs_liars-bench_harm-pressure-choice_test,Cadenza-Labs_liars-bench_harm-pressure-knowledge-report_test,AVERAGE
google/gemma-2-27b_Dense,0.6697822623473182,0.5021645021645021,0.48335261967703724,0.3577245249765004,0.5032559772913394
AVERAGE,0.6697822623473182,0.5021645021645021,0.48335261967703724,0.3577245249765004,0.5032559772913394
