,Cadenza-Labs_liars-bench_convincing-game_test,Cadenza-Labs_liars-bench_gender-secret_test,Cadenza-Labs_liars-bench_harm-pressure-choice_test,Cadenza-Labs_liars-bench_harm-pressure-knowledge-report_test,AVERAGE
mistralai/Mistral-Small-3.1-24B-Instruct-2503_Dense,0.9981412639405205,0.025974025974025976,0.8819345661450925,0.007107320540156361,0.47828929414994886
AVERAGE,0.9981412639405205,0.025974025974025976,0.8819345661450925,0.007107320540156361,0.47828929414994886
