,Cadenza-Labs_liars-bench_convincing-game_test,Cadenza-Labs_liars-bench_gender-secret_test,Cadenza-Labs_liars-bench_harm-pressure-choice_test,Cadenza-Labs_liars-bench_harm-pressure-knowledge-report_test,AVERAGE
distilgpt2,0.09107806691449814,0.03896103896103896,0.001422475106685633,0.0014214641080312722,0.0332207612725635
AVERAGE,0.09107806691449814,0.03896103896103896,0.001422475106685633,0.0014214641080312722,0.0332207612725635
