,Cadenza-Labs_liars-bench_convincing-game_test,Cadenza-Labs_liars-bench_gender-secret_test,Cadenza-Labs_liars-bench_harm-pressure-choice_test,Cadenza-Labs_liars-bench_harm-pressure-knowledge-report_test,AVERAGE
distilgpt2,0.5004301646309081,0.49839802382175263,0.5022109387942002,0.4960295803140404,0.4992671768902253
AVERAGE,0.5004301646309081,0.49839802382175263,0.5022109387942002,0.4960295803140404,0.4992671768902253
