,Cadenza-Labs_liars-bench_convincing-game_test,Cadenza-Labs_liars-bench_gender-secret_test,Cadenza-Labs_liars-bench_harm-pressure-choice_test,Cadenza-Labs_liars-bench_harm-pressure-knowledge-report_test,AVERAGE
distilgpt2,0.5412533191715347,0.5147724215520826,0.49985963014435836,0.49611790393177574,0.5130008186999379
AVERAGE,0.5412533191715347,0.5147724215520826,0.49985963014435836,0.49611790393177574,0.5130008186999379
