,Cadenza-Labs_liars-bench_convincing-game_test,Cadenza-Labs_liars-bench_gender-secret_test,Cadenza-Labs_liars-bench_harm-pressure-choice_test,Cadenza-Labs_liars-bench_harm-pressure-knowledge-report_test,AVERAGE
mistralai/Mistral-Small-3.1-24B-Instruct-2503_Dense,0.9721189591078067,0.025974025974025976,0.31436699857752487,0.007818052594171997,0.3300695090633824
AVERAGE,0.9721189591078067,0.025974025974025976,0.31436699857752487,0.007818052594171997,0.3300695090633824
