,Cadenza-Labs_liars-bench_convincing-game_test,Cadenza-Labs_liars-bench_gender-secret_test,Cadenza-Labs_liars-bench_harm-pressure-choice_test,Cadenza-Labs_liars-bench_harm-pressure-knowledge-report_test,AVERAGE
mistralai/Mistral-Small-3.1-24B-Instruct-2503_Dense,0.9219330855018587,0.021645021645021644,0.12660028449502134,0.007107320540156361,0.2693214280455145
AVERAGE,0.9219330855018587,0.021645021645021644,0.12660028449502134,0.007107320540156361,0.2693214280455145
