,Cadenza-Labs_liars-bench_convincing-game_test,Cadenza-Labs_liars-bench_gender-secret_test,Cadenza-Labs_liars-bench_harm-pressure-choice_test,Cadenza-Labs_liars-bench_harm-pressure-knowledge-report_test,AVERAGE
mistralai/Mistral-Small-3.1-24B-Instruct-2503_Dense,0.9888475836431226,0.14285714285714285,0.5405405405405406,0.0021321961620469083,0.41859436580071324
AVERAGE,0.9888475836431226,0.14285714285714285,0.5405405405405406,0.0021321961620469083,0.41859436580071324
