,Cadenza-Labs_liars-bench_convincing-game_test,Cadenza-Labs_liars-bench_gender-secret_test,Cadenza-Labs_liars-bench_harm-pressure-choice_test,Cadenza-Labs_liars-bench_harm-pressure-knowledge-report_test,AVERAGE
mistralai/Mistral-Small-3.1-24B-Instruct-2503_Dense,0.9776951672862454,0.09090909090909091,0.5803698435277382,0.0021321961620469083,0.41277657447128036
AVERAGE,0.9776951672862454,0.09090909090909091,0.5803698435277382,0.0021321961620469083,0.41277657447128036
