{"fpr": [0.0, 0.0, 0.007407407407407408, 0.007407407407407408, 0.02962962962962963, 0.02962962962962963, 0.037037037037037035, 0.037037037037037035, 0.044444444444444446, 0.044444444444444446, 0.05925925925925926, 0.05925925925925926, 0.08148148148148149, 0.08148148148148149, 0.08888888888888889, 0.08888888888888889, 0.1037037037037037, 0.1037037037037037, 0.1111111111111111, 0.1111111111111111, 0.11851851851851852, 0.11851851851851852, 0.1259259259259259, 0.1259259259259259, 0.13333333333333333, 0.13333333333333333, 0.18518518518518517, 0.18518518518518517, 0.1925925925925926, 0.1925925925925926, 0.2, 0.2, 0.4740740740740741, 0.4740740740740741, 0.6296296296296297, 0.6296296296296297, 0.6518518518518519, 0.6518518518518519, 0.674074074074074, 0.674074074074074, 0.6814814814814815, 0.6814814814814815, 0.7185185185185186, 0.7185185185185186, 0.7407407407407407, 0.7407407407407407, 0.762962962962963, 0.762962962962963, 0.7703703703703704, 0.7703703703703704, 0.8148148148148148, 0.8148148148148148, 0.8518518518518519, 0.8518518518518519, 0.8888888888888888, 0.8888888888888888, 1.0], "tpr": [0.0, 0.017857142857142856, 0.017857142857142856, 0.17857142857142858, 0.17857142857142858, 0.30357142857142855, 0.30357142857142855, 0.3392857142857143, 0.3392857142857143, 0.4107142857142857, 0.4107142857142857, 0.42857142857142855, 0.42857142857142855, 0.5, 0.5, 0.5178571428571429, 0.5178571428571429, 0.5892857142857143, 0.5892857142857143, 0.6071428571428571, 0.6071428571428571, 0.625, 0.625, 0.6428571428571429, 0.6428571428571429, 0.6607142857142857, 0.6607142857142857, 0.6785714285714286, 0.6785714285714286, 0.6964285714285714, 0.6964285714285714, 0.7321428571428571, 0.7321428571428571, 0.75, 0.75, 0.7678571428571429, 0.7678571428571429, 0.8035714285714286, 0.8035714285714286, 0.8214285714285714, 0.8214285714285714, 0.8571428571428571, 0.8571428571428571, 0.875, 0.875, 0.8928571428571429, 0.8928571428571429, 0.9107142857142857, 0.9107142857142857, 0.9464285714285714, 0.9464285714285714, 0.9642857142857143, 0.9642857142857143, 0.9821428571428571, 0.9821428571428571, 1.0, 1.0], "auc": 0.7599206349206349}