,Cadenza-Labs_liars-bench_convincing-game_test,Cadenza-Labs_liars-bench_gender-secret_test,Cadenza-Labs_liars-bench_harm-pressure-choice_test,Cadenza-Labs_liars-bench_harm-pressure-knowledge-report_test,AVERAGE
distilgpt2,0.058394160583941604,0.17857142857142858,0.041176470588235294,0.00847457627118644,0.07165415900369798
AVERAGE,0.058394160583941604,0.17857142857142858,0.041176470588235294,0.00847457627118644,0.07165415900369798
meta-llama/Llama-3.3-70B-Instruct,0.9927007299270073,1.0,0.11176470588235295,0.3983050847457627,0.6256926301387807
