,Cadenza-Labs_liars-bench_convincing-game_test,Cadenza-Labs_liars-bench_gender-secret_test,Cadenza-Labs_liars-bench_harm-pressure-choice_test,Cadenza-Labs_liars-bench_harm-pressure-knowledge-report_test,AVERAGE
distilgpt2,0.5,0.5,0.5020272617339054,0.5007107320540156,0.5006844984469803
AVERAGE,0.5,0.5,0.5020272617339054,0.5007107320540156,0.5006844984469803
meta-llama/Llama-3.3-70B-Instruct,0.6951672862453532,0.5086580086580087,0.5006047866272197,0.49991167638226464,0.5510854394782116
