,Cadenza-Labs_liars-bench_convincing-game_test,Cadenza-Labs_liars-bench_gender-secret_test,Cadenza-Labs_liars-bench_harm-pressure-choice_test,Cadenza-Labs_liars-bench_harm-pressure-knowledge-report_test,AVERAGE
distilgpt2,0.38503186404673395,0.4811186929830997,0.44855270653372464,0.5398630161580117,0.4636415699303925
AVERAGE,0.38503186404673395,0.4811186929830997,0.44855270653372464,0.5398630161580117,0.4636415699303925
