,Cadenza-Labs_liars-bench_convincing-game_test,Cadenza-Labs_liars-bench_gender-secret_test,Cadenza-Labs_liars-bench_harm-pressure-choice_test,Cadenza-Labs_liars-bench_harm-pressure-knowledge-report_test,AVERAGE
distilgpt2,0.0,0.0,0.004267425320056899,0.0014214641080312722,0.001422222357022043
AVERAGE,0.0,0.0,0.004267425320056899,0.0014214641080312722,0.001422222357022043
meta-llama/Llama-3.3-70B-Instruct,0.3903345724907063,0.017316017316017316,0.001422475106685633,0.0,0.10226826622835232
