,Cadenza-Labs_liars-bench_convincing-game_test,Cadenza-Labs_liars-bench_gender-secret_test,Cadenza-Labs_liars-bench_harm-pressure-choice_test,Cadenza-Labs_liars-bench_harm-pressure-knowledge-report_test,AVERAGE
distilgpt2,0.4455762081784386,0.4824516349940079,0.4115665366743883,0.4958863290733352,0.45887017723004253
AVERAGE,0.4455762081784386,0.4824516349940079,0.4115665366743883,0.4958863290733352,0.45887017723004253
meta-llama/Llama-3.3-70B-Instruct,0.8002973977695167,0.4793944285469709,0.6041388362354713,0.3449852712363687,0.5572039834470819
