,Cadenza-Labs_liars-bench_convincing-game_test,Cadenza-Labs_liars-bench_gender-secret_test,Cadenza-Labs_liars-bench_harm-pressure-choice_test,Cadenza-Labs_liars-bench_harm-pressure-knowledge-report_test,AVERAGE
mistralai/Mistral-Small-3.1-24B-Instruct-2503_Dense,0.9944237918215614,0.12121212121212122,0.004267425320056899,0.019189765458422176,0.2847732759530404
AVERAGE,0.9944237918215614,0.12121212121212122,0.004267425320056899,0.019189765458422176,0.2847732759530404
