,Cadenza-Labs_liars-bench_convincing-game_test,Cadenza-Labs_liars-bench_gender-secret_test,Cadenza-Labs_liars-bench_harm-pressure-choice_test,Cadenza-Labs_liars-bench_harm-pressure-knowledge-report_test,AVERAGE
mistralai/Mistral-Small-3.1-24B-Instruct-2503_Dense,0.9739776951672863,0.025974025974025976,0.22048364153627312,0.058990760483297794,0.3198565307902208
AVERAGE,0.9739776951672863,0.025974025974025976,0.22048364153627312,0.058990760483297794,0.3198565307902208
