,Cadenza-Labs_liars-bench_convincing-game_test,Cadenza-Labs_liars-bench_gender-secret_test,Cadenza-Labs_liars-bench_harm-pressure-choice_test,Cadenza-Labs_liars-bench_harm-pressure-knowledge-report_test,AVERAGE
mistralai/Mistral-Small-3.1-24B-Instruct-2503_Dense,0.9981412639405205,0.012987012987012988,0.26884779516358465,0.0042643923240938165,0.321060116103803
AVERAGE,0.9981412639405205,0.012987012987012988,0.26884779516358465,0.0042643923240938165,0.321060116103803
