,Cadenza-Labs_liars-bench_convincing-game_test,Cadenza-Labs_liars-bench_gender-secret_test,Cadenza-Labs_liars-bench_harm-pressure-choice_test,Cadenza-Labs_liars-bench_harm-pressure-knowledge-report_test,AVERAGE
google/gemma-2-27b_SparseSAE,0.7825278810408922,0.15584415584415584,0.3968705547652916,0.3624733475479744,0.4244289847995785
AVERAGE,0.7825278810408922,0.15584415584415584,0.3968705547652916,0.3624733475479744,0.4244289847995785
