,Cadenza-Labs_liars-bench_convincing-game_test,Cadenza-Labs_liars-bench_gender-secret_test,Cadenza-Labs_liars-bench_harm-pressure-choice_test,Cadenza-Labs_liars-bench_harm-pressure-knowledge-report_test,AVERAGE
google/gemma-2-27b_SparseSAE,0.4649920339883165,0.5569537179706672,0.5295667068747311,0.41454737064921443,0.4915149573707323
AVERAGE,0.4649920339883165,0.5569537179706672,0.5295667068747311,0.41454737064921443,0.4915149573707323
