,Cadenza-Labs_liars-bench_convincing-game_test,Cadenza-Labs_liars-bench_gender-secret_test,Cadenza-Labs_liars-bench_harm-pressure-choice_test,Cadenza-Labs_liars-bench_harm-pressure-knowledge-report_test,AVERAGE
google/gemma-2-27b_SparseSAE,0.6635687732342007,0.18181818181818182,0.40540540540540543,0.27860696517412936,0.38234983140797935
AVERAGE,0.6635687732342007,0.18181818181818182,0.40540540540540543,0.27860696517412936,0.38234983140797935
