,Cadenza-Labs_liars-bench_convincing-game_test,Cadenza-Labs_liars-bench_gender-secret_test,Cadenza-Labs_liars-bench_harm-pressure-choice_test,Cadenza-Labs_liars-bench_harm-pressure-knowledge-report_test,AVERAGE
google/gemma-2-27b_SparseSAE,0.8643122676579925,0.10822510822510822,0.2901849217638691,0.12722103766879886,0.34748583382894216
AVERAGE,0.8643122676579925,0.10822510822510822,0.2901849217638691,0.12722103766879886,0.34748583382894216
