,Cadenza-Labs_liars-bench_convincing-game_test,Cadenza-Labs_liars-bench_gender-secret_test,Cadenza-Labs_liars-bench_harm-pressure-choice_test,Cadenza-Labs_liars-bench_harm-pressure-knowledge-report_test,AVERAGE
google/gemma-2-27b_SparseSAE,0.8698884758364313,0.10822510822510822,0.30725462304409673,0.13361762615493958,0.35474645831514395
AVERAGE,0.8698884758364313,0.10822510822510822,0.30725462304409673,0.13361762615493958,0.35474645831514395
