,Cadenza-Labs_liars-bench_convincing-game_test,Cadenza-Labs_liars-bench_gender-secret_test,Cadenza-Labs_liars-bench_harm-pressure-choice_test,Cadenza-Labs_liars-bench_harm-pressure-knowledge-report_test,AVERAGE
google/gemma-2-27b_SparseSAE,0.6823951141795008,0.450778976202705,0.46995494536478144,0.29914255155695013,0.4755678968259843
AVERAGE,0.6823951141795008,0.450778976202705,0.46995494536478144,0.29914255155695013,0.4755678968259843
