,Cadenza-Labs_liars-bench_convincing-game_test,Cadenza-Labs_liars-bench_gender-secret_test,Cadenza-Labs_liars-bench_harm-pressure-choice_test,Cadenza-Labs_liars-bench_harm-pressure-knowledge-report_test,AVERAGE
google/gemma-2-27b_SparseSAE,0.6261338289962824,0.45249101181304574,0.48856659512397216,0.33905239743694526,0.4765609583425614
AVERAGE,0.6261338289962824,0.45249101181304574,0.48856659512397216,0.33905239743694526,0.4765609583425614
