,Cadenza-Labs_liars-bench_convincing-game_test,Cadenza-Labs_liars-bench_gender-secret_test,Cadenza-Labs_liars-bench_harm-pressure-choice_test,Cadenza-Labs_liars-bench_harm-pressure-knowledge-report_test,AVERAGE
distilgpt2,0.33852894317578336,0.35960900367680027,0.3868390313601703,0.4364677608751357,0.38036118477197245
AVERAGE,0.33852894317578336,0.35960900367680027,0.3868390313601703,0.4364677608751357,0.38036118477197245
