,Cadenza-Labs_liars-bench_convincing-game_test,Cadenza-Labs_liars-bench_gender-secret_test,Cadenza-Labs_liars-bench_harm-pressure-choice_test,Cadenza-Labs_liars-bench_harm-pressure-knowledge-report_test,AVERAGE
distilgpt2,0.002857142857142857,0.0018832391713747645,0.00702576112412178,0.009538950715421303,0.005326273467015176
AVERAGE,0.002857142857142857,0.0018832391713747645,0.00702576112412178,0.009538950715421303,0.005326273467015176
