,Cadenza-Labs_liars-bench_convincing-game_test,Cadenza-Labs_liars-bench_gender-secret_test,Cadenza-Labs_liars-bench_harm-pressure-choice_test,Cadenza-Labs_liars-bench_harm-pressure-knowledge-report_test,AVERAGE
distilgpt2,0.2507992565055762,0.5445333072451716,0.4201410603481354,0.33595994087653436,0.3878583912438544
AVERAGE,0.2507992565055762,0.5445333072451716,0.4201410603481354,0.33595994087653436,0.3878583912438544
