,Cadenza-Labs_liars-bench_convincing-game_test,Cadenza-Labs_liars-bench_gender-secret_test,Cadenza-Labs_liars-bench_harm-pressure-choice_test,Cadenza-Labs_liars-bench_harm-pressure-knowledge-report_test,AVERAGE
distilgpt2,0.005714285714285714,0.007518796992481203,0.009365687526607066,0.009537265983751325,0.008034009054281328
AVERAGE,0.005714285714285714,0.007518796992481203,0.009365687526607066,0.009537265983751325,0.008034009054281328
