,Cadenza-Labs_liars-bench_convincing-game_test,Cadenza-Labs_liars-bench_gender-secret_test,Cadenza-Labs_liars-bench_harm-pressure-choice_test,Cadenza-Labs_liars-bench_harm-pressure-knowledge-report_test,AVERAGE
distilgpt2,0.49857142857142855,0.4990583804143126,0.500754544757996,0.5012717471014222,0.4999140252112898
AVERAGE,0.49857142857142855,0.4990583804143126,0.500754544757996,0.5012717471014222,0.4999140252112898
