,Cadenza-Labs_liars-bench_convincing-game_test,Cadenza-Labs_liars-bench_gender-secret_test,Cadenza-Labs_liars-bench_harm-pressure-choice_test,Cadenza-Labs_liars-bench_harm-pressure-knowledge-report_test,AVERAGE
distilgpt2,0.9852363250132766,0.9826740764955868,0.6825854246033046,0.853630778522485,0.8760316511586632
AVERAGE,0.9852363250132766,0.9826740764955868,0.6825854246033046,0.853630778522485,0.8760316511586632
