,Cadenza-Labs_liars-bench_convincing-game_test,Cadenza-Labs_liars-bench_gender-secret_test,Cadenza-Labs_liars-bench_harm-pressure-choice_test,Cadenza-Labs_liars-bench_harm-pressure-knowledge-report_test,AVERAGE
meta-llama/Llama-3.3-70B-Instruct,0.5217365905469995,0.49839802382175263,0.5025349857101367,0.49991167638226464,0.5056453191152883
AVERAGE,0.5217365905469995,0.49839802382175263,0.5025349857101367,0.49991167638226464,0.5056453191152883
