,Cadenza-Labs_liars-bench_convincing-game_test,Cadenza-Labs_liars-bench_gender-secret_test,Cadenza-Labs_liars-bench_harm-pressure-choice_test,Cadenza-Labs_liars-bench_harm-pressure-knowledge-report_test,AVERAGE
meta-llama/Llama-3.3-70B-Instruct,0.008571428571428572,0.007532956685499058,0.009154779646582926,0.0001766472354707649,0.006358953034745331
AVERAGE,0.008571428571428572,0.007532956685499058,0.009154779646582926,0.0001766472354707649,0.006358953034745331
