,Cadenza-Labs_liars-bench_convincing-game_test,Cadenza-Labs_liars-bench_gender-secret_test,Cadenza-Labs_liars-bench_harm-pressure-choice_test,Cadenza-Labs_liars-bench_harm-pressure-knowledge-report_test,AVERAGE
google/gemma-2-27b_SparseSAE,0.7899628252788105,0.03463203463203463,0.22759601706970128,0.10163468372423597,0.28845639017619557
AVERAGE,0.7899628252788105,0.03463203463203463,0.22759601706970128,0.10163468372423597,0.28845639017619557
