,Cadenza-Labs_liars-bench_convincing-game_test,Cadenza-Labs_liars-bench_gender-secret_test,Cadenza-Labs_liars-bench_harm-pressure-choice_test,Cadenza-Labs_liars-bench_harm-pressure-knowledge-report_test,AVERAGE
google/gemma-2-27b_SparseSAE,0.8401486988847584,0.7739130434782608,0.32193732193732194,0.5362731152204836,0.6180680448802063
AVERAGE,0.8401486988847584,0.7739130434782608,0.32193732193732194,0.5362731152204836,0.6180680448802063
