,Cadenza-Labs_liars-bench_convincing-game_test,Cadenza-Labs_liars-bench_gender-secret_test,Cadenza-Labs_liars-bench_harm-pressure-choice_test,Cadenza-Labs_liars-bench_harm-pressure-knowledge-report_test,AVERAGE
google/gemma-2-27b_Dense,0.4767764206054168,0.5836207107393548,0.5345421898484884,0.4333711612025922,0.5070776205989631
AVERAGE,0.4767764206054168,0.5836207107393548,0.5345421898484884,0.4333711612025922,0.5070776205989631
