,Cadenza-Labs_liars-bench_convincing-game_test,Cadenza-Labs_liars-bench_gender-secret_test,Cadenza-Labs_liars-bench_harm-pressure-choice_test,Cadenza-Labs_liars-bench_harm-pressure-knowledge-report_test,AVERAGE
google/gemma-2-27b_Dense,0.6941556027615507,0.48020560732425144,0.5053965925406823,0.5427154233124383,0.5556183064847307
AVERAGE,0.6941556027615507,0.48020560732425144,0.5053965925406823,0.5427154233124383,0.5556183064847307
