,Cadenza-Labs_liars-bench_convincing-game_test,Cadenza-Labs_liars-bench_gender-secret_test,Cadenza-Labs_liars-bench_harm-pressure-choice_test,Cadenza-Labs_liars-bench_harm-pressure-knowledge-report_test,AVERAGE
google/gemma-2-27b_Dense,0.9330855018587361,0.22077922077922077,0.31721194879089615,0.3169864960909737,0.44701579187995666
AVERAGE,0.9330855018587361,0.22077922077922077,0.31721194879089615,0.3169864960909737,0.44701579187995666
