,Cadenza-Labs_liars-bench_convincing-game_test,Cadenza-Labs_liars-bench_gender-secret_test,Cadenza-Labs_liars-bench_harm-pressure-choice_test,Cadenza-Labs_liars-bench_harm-pressure-knowledge-report_test,AVERAGE
mistralai/Mistral-Small-3.1-24B-Instruct-2503_Dense,0.9981412639405205,0.16017316017316016,0.12944523470839261,0.058990760483297794,0.33668760482634275
AVERAGE,0.9981412639405205,0.16017316017316016,0.12944523470839261,0.058990760483297794,0.33668760482634275
