,Cadenza-Labs_liars-bench_convincing-game_test,Cadenza-Labs_liars-bench_gender-secret_test,Cadenza-Labs_liars-bench_harm-pressure-choice_test,Cadenza-Labs_liars-bench_harm-pressure-knowledge-report_test,AVERAGE
mistralai/Mistral-Small-3.1-24B-Instruct-2503_Dense,0.7602230483271375,0.012987012987012988,0.6571834992887624,0.007107320540156361,0.35937522028576735
AVERAGE,0.7602230483271375,0.012987012987012988,0.6571834992887624,0.007107320540156361,0.35937522028576735
