,Cadenza-Labs_liars-bench_convincing-game_test,Cadenza-Labs_liars-bench_gender-secret_test,Cadenza-Labs_liars-bench_harm-pressure-choice_test,Cadenza-Labs_liars-bench_harm-pressure-knowledge-report_test,AVERAGE
mistralai/Mistral-Small-3.1-24B-Instruct-2503_Dense,0.8141263940520446,0.33766233766233766,0.04267425320056899,0.017768301350390904,0.30305782156633554
AVERAGE,0.8141263940520446,0.33766233766233766,0.04267425320056899,0.017768301350390904,0.30305782156633554
