method-name,Cadenza-Labs_liars-bench_convincing-game_test,Cadenza-Labs_liars-bench_gender-secret_test,Cadenza-Labs_liars-bench_harm-pressure-choice_test,Cadenza-Labs_liars-bench_harm-pressure-knowledge-report_test,AVERAGE
all_lie_types,0.9684014869888476,0.0086580086580086,0.887624466571835,0.0021321961620469,0.4667040395951845
contradiction,0.5037174721189591,1.0,0.9985775248933144,0.9928926794598436,0.8737969191180293
direct,0.5037174721189591,1.0,0.9985775248933144,0.9928926794598436,0.8737969191180293
factual,0.5037174721189591,1.0,0.9985775248933144,0.9928926794598436,0.8737969191180293
withoutDolusChat,0.9888475836431226,0.1428571428571428,0.5405405405405406,0.0021321961620469,0.4185943658007132
AVERAGE,0.6936802973977695,0.6303030303030303,0.8847795163584637,0.5965884861407249,0.7013378325499972
