method-name,Cadenza-Labs_liars-bench_convincing-game_test,Cadenza-Labs_liars-bench_gender-secret_test,Cadenza-Labs_liars-bench_harm-pressure-choice_test,Cadenza-Labs_liars-bench_harm-pressure-knowledge-report_test,AVERAGE
all_lie_types,0.6245778013807753,0.6022370598641785,0.351970523238858,0.1526445547516662,0.4328574848088695
contradiction,0.091279872543813,0.694157067038423,0.3134592129415253,0.2209172674493131,0.3299533549932686
direct,0.0916463090812533,0.6845696676205151,0.3140621824832351,0.2245479519404014,0.32870652778135123
factual,0.0963674986723313,0.6828576320101744,0.3147554006052712,0.2184917891678207,0.32811808011389937
withoutDolusChat,0.6476101964949548,0.7224871801142987,0.3103688047605217,0.141499269242904,0.4554913626531698
AVERAGE,0.31029633563462555,0.6772617213295179,0.32092322480588226,0.19162016651042107,0.3750253620701117
