method-name,Cadenza-Labs_liars-bench_convincing-game_test,Cadenza-Labs_liars-bench_gender-secret_test,Cadenza-Labs_liars-bench_harm-pressure-choice_test,Cadenza-Labs_liars-bench_harm-pressure-knowledge-report_test,AVERAGE
all_lie_types,0.9442379182156134,0.0086580086580086,0.8691322901849218,0.0007107320540156,0.45568473727813985
contradiction,0.1356877323420074,1.0,0.972972972972973,0.906183368869936,0.753711018546229
direct,0.1226765799256505,1.0,0.9786628733997156,0.9253731343283582,0.756678146913431
factual,0.1263940520446096,1.0,0.9715504978662872,0.8706467661691543,0.7421478290200128
withoutDolusChat,0.9776951672862454,0.0909090909090909,0.5803698435277382,0.0021321961620469,0.41277657447128036
AVERAGE,0.4613382899628252,0.6199134199134199,0.8745376955903271,0.5410092395167022,0.6241996612458186
