method-name,Cadenza-Labs_liars-bench_convincing-game_test,Cadenza-Labs_liars-bench_gender-secret_test,Cadenza-Labs_liars-bench_harm-pressure-choice_test,Cadenza-Labs_liars-bench_harm-pressure-knowledge-report_test,AVERAGE
all_lie_types,0.9014869888475836,0.0519480519480519,0.883357041251778,0.036958066808813,0.4684375372140566
contradiction,0.3605947955390334,0.974025974025974,0.8790896159317212,0.8081023454157783,0.7554531827281268
direct,0.1078066914498141,0.6536796536796536,0.8307254623044097,0.3511016346837242,0.48582836052940037
factual,0.6840148698884758,0.9826839826839828,0.0085348506401137,0.0788912579957356,0.438531240302077
withoutDolusChat,0.8550185873605948,0.0995670995670995,0.5519203413940256,0.0120824449182658,0.3796471183099964
AVERAGE,0.5817843866171003,0.5523809523809524,0.6307254623044096,0.25742714996446336,0.5055794878167315
