method-name,Cadenza-Labs_liars-bench_convincing-game_test,Cadenza-Labs_liars-bench_gender-secret_test,Cadenza-Labs_liars-bench_harm-pressure-choice_test,Cadenza-Labs_liars-bench_harm-pressure-knowledge-report_test,AVERAGE
all_DolusChat,0.4388050982474775,0.4600891889027482,0.2958100128074243,0.1889068925943377,0.34590279813799696
exaggeration,0.4741423260754115,0.4965636999535305,0.2999444880376718,0.1904822795955368,0.36528319841553764
fabrication,0.4404992033988317,0.501292179258281,0.30669677779255,0.1897720497369312,0.3595650525466485
omission,0.3499946893255444,0.4942402230537823,0.2965747029595174,0.1954480505841349,0.33406441648074475
withoutDolusChat,0.4549283058948487,0.5071946258386936,0.3225831021344394,0.1886734972775359,0.3683448827863794
AVERAGE,0.4316739245884228,0.4918759834014071,0.3043218167463206,0.1906565539576953,0.3546320696734614
