method-name,Cadenza-Labs_liars-bench_convincing-game_test,Cadenza-Labs_liars-bench_gender-secret_test,Cadenza-Labs_liars-bench_harm-pressure-choice_test,Cadenza-Labs_liars-bench_harm-pressure-knowledge-report_test,AVERAGE
all_lie_types,0.7323420074349443,0.2727272727272727,0.0412517780938833,0.0184790334044065,0.2662000229151267
contradiction,0.5576208178438662,0.9956709956709956,0.0028449502133712,0.9211087420042644,0.6193113764331244
direct,0.2174721189591078,0.974025974025974,0.0,0.7078891257995735,0.4748468046961638
factual,0.5427509293680297,1.0,0.0056899004267425,0.96090973702914,0.627337641705978
withoutDolusChat,0.0650557620817843,0.0,0.0,0.0035536602700781,0.0171523555879656
AVERAGE,0.4230483271375465,0.6484848484848484,0.0099573257467994,0.5223880597014925,0.4009696402676717
