method-name,Cadenza-Labs_liars-bench_convincing-game_test,Cadenza-Labs_liars-bench_gender-secret_test,Cadenza-Labs_liars-bench_harm-pressure-choice_test,Cadenza-Labs_liars-bench_harm-pressure-knowledge-report_test,AVERAGE
all_lie_types,0.5934386617100371,0.548389463643701,0.3907315313700129,0.1509514657012462,0.4208777806062493
contradiction,0.1864684014869888,0.6166833793952438,0.3597883822215142,0.3826835740795354,0.38640593429582054
direct,0.1782103027084439,0.5963672234858675,0.3611233343761385,0.3257570878290808,0.3653644870998827
factual,0.1624588422729686,0.6060239195832416,0.3684834392340863,0.4627306348114074,0.399924208975426
withoutDolusChat,0.6296946362187998,0.7367296858822283,0.3217034813238437,0.1465726983725228,0.4586751254493487
AVERAGE,0.3500541688794477,0.6208387343980564,0.3603660337051191,0.29373909215875854,0.4062495072853455
