method-name,Cadenza-Labs_liars-bench_convincing-game_test,Cadenza-Labs_liars-bench_gender-secret_test,Cadenza-Labs_liars-bench_harm-pressure-choice_test,Cadenza-Labs_liars-bench_harm-pressure-knowledge-report_test,AVERAGE
all_lie_types,1.0,1.0,0.6210826210826211,0.8492176386913229,0.867575064943486
contradiction,1.0,1.0,0.6324786324786325,0.7780938833570412,0.8526431289589185
direct,1.0,1.0,0.6068376068376068,0.8421052631578947,0.8622357174988754
factual,1.0,1.0,0.6324786324786325,0.8349928876244666,0.8668678800257748
withoutDolusChat,1.0,1.0,0.6866096866096866,0.8207681365576103,0.8768444557918242
AVERAGE,1.0,1.0,0.635897435897436,0.8250355618776671,0.8652332494437758
