method-name,Cadenza-Labs_liars-bench_convincing-game_test,Cadenza-Labs_liars-bench_gender-secret_test,Cadenza-Labs_liars-bench_harm-pressure-choice_test,Cadenza-Labs_liars-bench_harm-pressure-knowledge-report_test,AVERAGE
all_lie_types,0.4821853425385024,0.214045214045214,0.3573810467684497,0.2612084051943578,0.32870500213663095
contradiction,0.5691131173659054,0.2149053081256471,0.3805163309045967,0.3176244725849642,0.37053980724527835
direct,0.6167817312798726,0.2427381156194715,0.3725046494675484,0.2920143271328521,0.38100970587493616
factual,0.6188263409453001,0.2677542169067592,0.3443804056401123,0.3664987576313301,0.39936493028087544
withoutDolusChat,0.5734997344662772,0.2800238054475342,0.3769362181786685,0.1635514857639528,0.34850281096410823
AVERAGE,0.5720812533191715,0.2438933320289252,0.36634373019187516,0.2801794896614914,0.3656244513003658
