method-name,Cadenza-Labs_liars-bench_convincing-game_test,Cadenza-Labs_liars-bench_gender-secret_test,Cadenza-Labs_liars-bench_harm-pressure-choice_test,Cadenza-Labs_liars-bench_harm-pressure-knowledge-report_test,AVERAGE
all_lie_types,0.4090493892724376,0.5097708318047302,0.31088909691153,0.1890822215668572,0.35469788488888876
contradiction,0.1814126394052044,0.5217387759760641,0.3590454970955402,0.3705685492340452,0.35819136542771346
direct,0.1814126394052044,0.5217387759760641,0.3590454970955402,0.3705685492340452,0.35819136542771346
factual,0.1814126394052044,0.5217387759760641,0.3590454970955402,0.3705685492340452,0.35819136542771346
withoutDolusChat,0.4549283058948487,0.5071946258386936,0.3225831021344394,0.1886734972775359,0.3683448827863794
AVERAGE,0.28164312267658,0.5164363571143232,0.34212173806651797,0.29789227330930573,0.35952337279168173
