method-name,Cadenza-Labs_liars-bench_convincing-game_test,Cadenza-Labs_liars-bench_gender-secret_test,Cadenza-Labs_liars-bench_harm-pressure-choice_test,Cadenza-Labs_liars-bench_harm-pressure-knowledge-report_test,AVERAGE
all_DolusChat,1.0,0.9999019287348806,0.8179888635401621,0.9601239678764824,0.9445036900378813
exaggeration,1.0,0.9997711670480548,0.8210197950512979,0.959237370445982,0.9450070831363337
fabrication,1.0,0.9998365478914678,0.8220543627099609,0.9516916198579736,0.9433956326148506
omission,1.0,0.9998038574697614,0.8421004755615229,0.939134295015609,0.9452596570117233
withoutDolusChat,1.0,0.9998692383131742,0.8519597961913841,0.9553405122015804,0.9517923866765347
AVERAGE,1.0,0.9998365478914678,0.8310246586108656,0.9531055530795255,0.9459916898954648
