method-name,Cadenza-Labs_liars-bench_convincing-game_test,Cadenza-Labs_liars-bench_gender-secret_test,Cadenza-Labs_liars-bench_harm-pressure-choice_test,Cadenza-Labs_liars-bench_harm-pressure-knowledge-report_test,AVERAGE
all_lie_types,0.9237918215613384,0.0043290043290043,0.0,0.0035536602700781,0.2329186215401052
contradiction,0.1654275092936803,0.0129870129870129,0.0,0.0120824449182658,0.04762424179973975
direct,0.1654275092936803,0.0129870129870129,0.0,0.0120824449182658,0.04762424179973975
factual,0.1654275092936803,0.0129870129870129,0.0,0.0120824449182658,0.04762424179973975
withoutDolusChat,0.7286245353159851,0.0,0.0,0.0,0.1821561338289963
AVERAGE,0.42973977695167287,0.0086580086580086,0.0,0.007960199004975101,0.11158949615366413
