method-name,Cadenza-Labs_liars-bench_convincing-game_test,Cadenza-Labs_liars-bench_gender-secret_test,Cadenza-Labs_liars-bench_harm-pressure-choice_test,Cadenza-Labs_liars-bench_harm-pressure-knowledge-report_test,AVERAGE
all_DolusChat,0.7620817843866171,0.0,0.0,0.0,0.19052044609665428
exaggeration,0.9386617100371748,0.0,0.0,0.0028429282160625,0.23537615956330932
fabrication,0.9033457249070632,0.0043290043290043,0.0,0.0028429282160625,0.2276294143630325
omission,0.20817843866171,0.0,0.0,0.0,0.0520446096654275
withoutDolusChat,0.7286245353159851,0.0,0.0,0.0,0.1821561338289963
AVERAGE,0.70817843866171,0.00086580086580086,0.0,0.001137171286425,0.17754535270348398
