method-name,Cadenza-Labs_liars-bench_convincing-game_test,Cadenza-Labs_liars-bench_gender-secret_test,Cadenza-Labs_liars-bench_harm-pressure-choice_test,Cadenza-Labs_liars-bench_harm-pressure-knowledge-report_test,AVERAGE
all_lie_types,0.6400053106744557,0.5597378139751021,0.4233030919829884,0.210969969091128,0.4585040464309185
contradiction,0.1898884758364312,0.5539087403494183,0.4752877884888239,0.2166830696242461,0.35894201857472985
direct,0.0688528943175783,0.6234092335787251,0.3120886761956649,0.2500988383341325,0.3136124106065252
factual,0.562485395645247,0.5917651087142612,0.3779662028152105,0.2258778281605322,0.4395236338338127
withoutDolusChat,0.5700584174190123,0.3686298008331907,0.4268329320098086,0.1498161274280677,0.37883431942251977
AVERAGE,0.40625809877854485,0.5394901394901395,0.4030957382984993,0.2106891665276213,0.3898832857737012
