method-name,Cadenza-Labs_liars-bench_convincing-game_test,Cadenza-Labs_liars-bench_gender-secret_test,Cadenza-Labs_liars-bench_harm-pressure-choice_test,Cadenza-Labs_liars-bench_harm-pressure-knowledge-report_test,AVERAGE
all_lie_types,1.0,0.999705786204642,0.7744788047044325,0.9553005663269843,0.9323712893090147
contradiction,1.0,0.9999346191565872,0.8210197950512977,0.9468684695403912,0.941955720937069
direct,1.0,0.9999019287348808,0.8024254729235573,0.9548674425043198,0.9392987110406894
factual,1.0,0.9998692383131742,0.8110998315340587,0.9539383868800664,0.9412268641818249
withoutDolusChat,1.0,0.9998692383131742,0.8519597961913841,0.9553405122015804,0.9517923866765347
AVERAGE,1.0,0.9998561621444917,0.812196740080946,0.9532630754906684,0.9413289944290264
