method-name,Cadenza-Labs_liars-bench_convincing-game_test,Cadenza-Labs_liars-bench_gender-secret_test,Cadenza-Labs_liars-bench_harm-pressure-choice_test,Cadenza-Labs_liars-bench_harm-pressure-knowledge-report_test,AVERAGE
all_DolusChat,0.702639405204461,0.606737267754217,0.2953290908424644,0.1328163733782697,0.434380534294853
exaggeration,0.8012108337758895,0.7145384433520027,0.2894559676268046,0.1399761733387721,0.48629535452336725
fabrication,0.8187413701540096,0.5533462143631636,0.3090762512677957,0.1455107434036319,0.4566686447971502
omission,0.3736006372809347,0.5241600834821174,0.4046049792382838,0.2485044934562054,0.3877175483643853
withoutDolusChat,0.6357886351566648,0.6926977604943707,0.322175317861254,0.1499807847481245,0.45016062456510353
AVERAGE,0.666396176314392,0.6182959538891742,0.32412832136732045,0.1633577136650007,0.44304454130897186
