method-name,Cadenza-Labs_liars-bench_convincing-game_test,Cadenza-Labs_liars-bench_gender-secret_test,Cadenza-Labs_liars-bench_harm-pressure-choice_test,Cadenza-Labs_liars-bench_harm-pressure-knowledge-report_test,AVERAGE
all_DolusChat,0.7356213489113117,0.6669438533845313,0.3020556385526187,0.1225191703681607,0.4567850028041556
exaggeration,0.7954221986192245,0.6983637831095458,0.2988342487911081,0.1309227200359772,0.48088573763896386
fabrication,0.8421136484333511,0.5618004092580364,0.3109840396294235,0.1332726806826894,0.4620426945008751
omission,0.3934997344662772,0.5334947538337369,0.420080793678723,0.2180401899453699,0.39127886798102673
withoutDolusChat,0.6296946362187998,0.7367296858822283,0.3217034813238437,0.1465726983725228,0.4586751254493487
AVERAGE,0.6792703133297928,0.6394664970936158,0.33073164039514336,0.15026549188094399,0.44993348567487396
