method-name,Cadenza-Labs_liars-bench_convincing-game_test,Cadenza-Labs_liars-bench_gender-secret_test,Cadenza-Labs_liars-bench_harm-pressure-choice_test,Cadenza-Labs_liars-bench_harm-pressure-knowledge-report_test,AVERAGE
all_DolusChat,0.9944237918215614,0.0259740259740259,0.2660028449502133,0.0,0.3216001656864501
exaggeration,1.0,0.0606060606060606,0.3499288762446657,0.0042643923240938,0.353699832293705
fabrication,0.9907063197026024,0.0952380952380952,0.7567567567567568,0.0049751243781094,0.46191907401889093
omission,0.7453531598513011,0.7748917748917749,0.2219061166429587,0.0014214641080312,0.4358931288735165
withoutDolusChat,0.9888475836431226,0.6060606060606061,0.4992887624466572,0.0042643923240938,0.5246153361186199
AVERAGE,0.9438661710037175,0.31255411255411253,0.4187766714082503,0.00298507462686564,0.4195455073982365
