method-name,Cadenza-Labs_liars-bench_convincing-game_test,Cadenza-Labs_liars-bench_gender-secret_test,Cadenza-Labs_liars-bench_harm-pressure-choice_test,Cadenza-Labs_liars-bench_harm-pressure-knowledge-report_test,AVERAGE
all_lie_types,0.9684014869888476,0.0259740259740259,0.8890469416785206,0.0085287846481876,0.47298780982239547
contradiction,0.1505576208178438,1.0,0.9985775248933144,0.992181947405828,0.7853292732792465
direct,0.2843866171003718,1.0,0.9971550497866288,0.9936034115138592,0.8187862696002149
factual,0.4219330855018587,1.0,0.9985775248933144,0.9928926794598436,0.853350822463754
withoutDolusChat,0.9888475836431226,0.6060606060606061,0.4992887624466572,0.0042643923240938,0.5246153361186199
AVERAGE,0.5628252788104089,0.7264069264069264,0.876529160739687,0.5982942430703624,0.6910139022568462
