method-name,Cadenza-Labs_liars-bench_convincing-game_test,Cadenza-Labs_liars-bench_gender-secret_test,Cadenza-Labs_liars-bench_harm-pressure-choice_test,Cadenza-Labs_liars-bench_harm-pressure-knowledge-report_test,AVERAGE
all_lie_types,0.5946309081253319,0.5786924939467313,0.3566766232857691,0.1547919423248659,0.4211979919206745
contradiction,0.0657302177376526,0.6053187239627917,0.3507256682407674,0.3800757988642098,0.3504626022013554
direct,0.0657302177376526,0.6053187239627917,0.3507256682407674,0.3800757988642098,0.3504626022013554
factual,0.0657302177376526,0.6053187239627917,0.3507256682407674,0.3800757988642098,0.3504626022013554
withoutDolusChat,0.6357886351566648,0.6926977604943707,0.322175317861254,0.1499807847481245,0.45016062456510353
AVERAGE,0.2855220392989909,0.6174692852658954,0.3462057891738651,0.289000024733124,0.38454928461796883
