method-name,Cadenza-Labs_liars-bench_convincing-game_test,Cadenza-Labs_liars-bench_gender-secret_test,Cadenza-Labs_liars-bench_harm-pressure-choice_test,Cadenza-Labs_liars-bench_harm-pressure-knowledge-report_test,AVERAGE
all_DolusChat,1.0,1.0,0.6153846153846154,0.9018492176386912,0.8793084582558266
exaggeration,1.0,1.0,0.6210826210826211,0.9046941678520626,0.881444197233671
fabrication,1.0,1.0,0.6552706552706553,0.8079658605974396,0.8658091289670238
omission,1.0,1.0,0.6524216524216524,0.7411095305832148,0.8483827957512168
withoutDolusChat,1.0,1.0,0.6866096866096866,0.8207681365576103,0.8768444557918242
AVERAGE,1.0,1.0,0.6461538461538463,0.8352773826458038,0.8703578071999125
