method-name,Cadenza-Labs_liars-bench_convincing-game_test,Cadenza-Labs_liars-bench_gender-secret_test,Cadenza-Labs_liars-bench_harm-pressure-choice_test,Cadenza-Labs_liars-bench_harm-pressure-knowledge-report_test,AVERAGE
all_DolusChat,0.6637546468401487,0.2971767717530429,0.330873100502091,0.1546446735208807,0.36161229815404083
exaggeration,0.6370844397238449,0.2167110980670302,0.3302374234212025,0.1808500460827063,0.34122075182369593
fabrication,0.5540812533191716,0.2929782082324454,0.4421417260071272,0.1194868517080983,0.3521720098167106
omission,0.3039776951672862,0.3617775821165652,0.2953686124523053,0.2360953704237286,0.2993048150399713
withoutDolusChat,0.5734997344662772,0.2800238054475342,0.3769362181786685,0.1635514857639528,0.34850281096410823
AVERAGE,0.5464795539033457,0.2897334931233236,0.3551114161122789,0.17092568549987336,0.34056253715970536
