method-name,Cadenza-Labs_liars-bench_convincing-game_test,Cadenza-Labs_liars-bench_gender-secret_test,Cadenza-Labs_liars-bench_harm-pressure-choice_test,Cadenza-Labs_liars-bench_harm-pressure-knowledge-report_test,AVERAGE
all_DolusChat,0.9851301115241636,0.0129870129870129,0.4196301564722617,0.0,0.35443682024585954
exaggeration,0.9981412639405204,0.0129870129870129,0.2688477951635846,0.0042643923240938,0.3210601161038029
fabrication,0.9776951672862454,0.0043290043290043,0.6600284495021337,0.0028429282160625,0.41122388733336146
omission,0.7100371747211895,0.645021645021645,0.4153627311522048,0.0,0.44260538772375985
withoutDolusChat,0.9776951672862454,0.0909090909090909,0.5803698435277382,0.0021321961620469,0.41277657447128036
AVERAGE,0.9297397769516728,0.15324675324675321,0.46884779516358466,0.00184790334044064,0.38842055717561286
