,Cadenza-Labs_liars-bench_convincing-game_test,Cadenza-Labs_liars-bench_gender-secret_test,Cadenza-Labs_liars-bench_harm-pressure-choice_test,Cadenza-Labs_liars-bench_harm-pressure-knowledge-report_test,AVERAGE
mistralai/Mistral-Small-3.1-24B-Instruct-2503_Dense,0.9907063197026023,0.008658008658008658,0.6458036984352774,0.0021321961620469083,0.4118250557394838
AVERAGE,0.9907063197026023,0.008658008658008658,0.6458036984352774,0.0021321961620469083,0.4118250557394838
