method-name,Cadenza-Labs_liars-bench_convincing-game_test,Cadenza-Labs_liars-bench_gender-secret_test,Cadenza-Labs_liars-bench_harm-pressure-choice_test,Cadenza-Labs_liars-bench_harm-pressure-knowledge-report_test,AVERAGE
all_DolusChat,0.845724907063197,0.0606060606060606,0.4167852062588905,0.0042643923240938,0.33184514156306044
exaggeration,0.966542750929368,0.0216450216450216,0.1009957325746799,0.0142146410803127,0.27584953655734556
fabrication,0.9144981412639404,0.0303030303030303,0.7596017069701281,0.0085287846481876,0.42823291579632156
omission,0.5539033457249071,0.2164502164502164,0.0227596017069701,0.5657427149964463,0.33971396971963497
withoutDolusChat,0.9516728624535316,0.0649350649350649,0.0312944523470839,0.0113717128642501,0.2648185231499826
AVERAGE,0.8464684014869889,0.07878787878787877,0.26628733997155046,0.12082444918265811,0.32809201735726906
