method-name,Cadenza-Labs_liars-bench_convincing-game_test,Cadenza-Labs_liars-bench_gender-secret_test,Cadenza-Labs_liars-bench_harm-pressure-choice_test,Cadenza-Labs_liars-bench_harm-pressure-knowledge-report_test,AVERAGE
all_DolusChat,0.9721189591078068,0.0259740259740259,0.3143669985775248,0.0078180525941719,0.3300695090633824
exaggeration,0.9981412639405204,0.0259740259740259,0.8819345661450925,0.0071073205401563,0.47828929414994875
fabrication,0.9349442379182156,0.0779220779220779,0.961593172119488,0.0106609808102345,0.496280117192504
omission,0.5743494423791822,0.4978354978354978,0.1678520625889047,0.0071073205401563,0.31178608083593523
withoutDolusChat,0.9981412639405204,0.0735930735930736,0.2631578947368421,0.0199004975124378,0.3386981824457184
AVERAGE,0.8955390334572491,0.14025974025974022,0.5177809388335703,0.010518834399431359,0.39102463673749777
