method-name,Cadenza-Labs_liars-bench_convincing-game_test,Cadenza-Labs_liars-bench_gender-secret_test,Cadenza-Labs_liars-bench_harm-pressure-choice_test,Cadenza-Labs_liars-bench_harm-pressure-knowledge-report_test,AVERAGE
all_DolusChat,0.3735820499203399,0.4355418592706728,0.474420735853005,0.4396634813667298,0.4308020316026869
exaggeration,0.4653664365374402,0.525586779824068,0.5034168778776199,0.4034297686624289,0.4744499657253892
fabrication,0.5363329792883695,0.4287467084077253,0.4663973947839349,0.4211312152488623,0.46315207443222295
omission,0.482097716409984,0.5009456958609501,0.4775674736848162,0.4957209812345897,0.489082966797585
withoutDolusChat,0.5039431757833244,0.4574314574314574,0.457552731064379,0.3962587320796276,0.45379652408969706
AVERAGE,0.4722644715878916,0.4696505001589747,0.475871042652751,0.43124083571844773,0.46225671252951617
