method-name,Cadenza-Labs_liars-bench_convincing-game_test,Cadenza-Labs_liars-bench_gender-secret_test,Cadenza-Labs_liars-bench_harm-pressure-choice_test,Cadenza-Labs_liars-bench_harm-pressure-knowledge-report_test,AVERAGE
all_DolusChat,0.9219330855018588,0.0216450216450216,0.1266002844950213,0.0071073205401563,0.2693214280455145
exaggeration,0.9944237918215614,0.0129870129870129,0.5035561877667141,0.0071073205401563,0.3795185782788612
fabrication,0.8643122676579925,0.0606060606060606,0.3854907539118065,0.0092395167022032,0.3299121497195157
omission,0.5724907063197026,0.4805194805194805,0.1891891891891892,0.0078180525941719,0.31250435715563607
withoutDolusChat,0.9907063197026024,0.0952380952380952,0.0042674253200568,0.0191897654584221,0.2773504014297941
AVERAGE,0.8687732342007435,0.13419913419913415,0.24182076813655756,0.01009239516702196,0.3137213829258643
