method-name,Cadenza-Labs_liars-bench_convincing-game_test,Cadenza-Labs_liars-bench_gender-secret_test,Cadenza-Labs_liars-bench_harm-pressure-choice_test,Cadenza-Labs_liars-bench_harm-pressure-knowledge-report_test,AVERAGE
all_DolusChat,0.6584678704195432,0.5032324862833337,0.5365764170768486,0.1409250715659846,0.45980046133642755
exaggeration,0.6928863515666489,0.374479255835188,0.57320038122454,0.5096905509548179,0.5375641348952986
fabrication,0.656850770047796,0.470711962237386,0.5226796499445334,0.1605936803478506,0.4527090156443915
omission,0.6546096654275093,0.4554340825527265,0.5576818652746176,0.5241321215860284,0.5479644337102205
withoutDolusChat,0.6055363781200211,0.6046053757918165,0.6321613232743518,0.1123841137010584,0.4886717977218119
AVERAGE,0.6536702071163039,0.48169263254009015,0.5644599273589782,0.28954510763114794,0.49734196866162994
