method-name,Cadenza-Labs_liars-bench_convincing-game_test,Cadenza-Labs_liars-bench_gender-secret_test,Cadenza-Labs_liars-bench_harm-pressure-choice_test,Cadenza-Labs_liars-bench_harm-pressure-knowledge-report_test,AVERAGE
all_DolusChat,0.9981412639405204,0.3852813852813853,0.0213371266002844,0.0895522388059701,0.3735780036570401
exaggeration,0.9981412639405204,0.4848484848484848,0.1650071123755334,0.1506751954513148,0.44966801415396335
fabrication,0.9962825278810408,0.6536796536796536,0.1351351351351351,0.1201137171286425,0.476302758456118
omission,0.775092936802974,0.9047619047619048,0.0184921763869132,0.0639658848614072,0.44057822570329985
withoutDolusChat,0.9962825278810408,0.2987012987012987,0.2418207681365576,0.5259417199715707,0.5156865786726169
AVERAGE,0.9527881040892193,0.5454545454545454,0.11635846372688471,0.19004975124378104,0.4511627161286077
