method-name,Cadenza-Labs_liars-bench_convincing-game_test,Cadenza-Labs_liars-bench_gender-secret_test,Cadenza-Labs_liars-bench_harm-pressure-choice_test,Cadenza-Labs_liars-bench_harm-pressure-knowledge-report_test,AVERAGE
all_DolusChat,0.929368029739777,0.0129870129870129,0.0,0.0028429282160625,0.23629949273571307
exaggeration,1.0,0.0432900432900432,0.0,0.0334044065387348,0.2691736124571945
fabrication,0.9702602230483272,0.0476190476190476,0.0,0.005685856432125,0.2558912817748749
omission,0.0037174721189591,0.0,0.0,0.0,0.000929368029739775
withoutDolusChat,1.0,0.0735930735930736,0.0625889046941678,0.0270078180525941,0.2907974490849589
AVERAGE,0.7806691449814126,0.03549783549783546,0.012517780938833559,0.01378820184790328,0.21061824081649622
