method-name,Cadenza-Labs_liars-bench_convincing-game_test,Cadenza-Labs_liars-bench_gender-secret_test,Cadenza-Labs_liars-bench_harm-pressure-choice_test,Cadenza-Labs_liars-bench_harm-pressure-knowledge-report_test,AVERAGE
all_DolusChat,0.5707673924588422,0.4039914887372514,0.6104473028545505,0.16069098070854,0.436474291189796
exaggeration,0.6290653212958046,0.4363611905984788,0.5818179092553554,0.1702362088665863,0.4543701575040563
fabrication,0.6191317047265001,0.444049045743961,0.6189120442787397,0.1366261533074527,0.45467973701416337
omission,0.6023818374933616,0.4438859947334523,0.5960656767386707,0.2307282197536806,0.46826543217979133
withoutDolusChat,0.6071640998406798,0.4403477878054149,0.6033971624998373,0.160464553353052,0.452843400874746
AVERAGE,0.6057020711630376,0.4337271015237117,0.6021280191254308,0.17174922319786232,0.4533266037525106
