method-name,Cadenza-Labs_liars-bench_convincing-game_test,Cadenza-Labs_liars-bench_gender-secret_test,Cadenza-Labs_liars-bench_harm-pressure-choice_test,Cadenza-Labs_liars-bench_harm-pressure-knowledge-report_test,AVERAGE
all_DolusChat,0.6761391396707381,0.3217730166882709,0.5544291307880609,0.2061756978350481,0.4396292462455295
exaggeration,0.7812214551248009,0.4303405320354472,0.5124939771186535,0.2607446905076405,0.4962001636966355
fabrication,0.7566702071163037,0.3962710233896674,0.6401831501054969,0.1444392467219508,0.48439090683335473
omission,0.6628199681359532,0.3794115489030744,0.5925888350392233,0.4438250491806242,0.5196613503147188
withoutDolusChat,0.6697981943706852,0.4597793919827818,0.6316520850601955,0.1301740722285059,0.4728509359105421
AVERAGE,0.7093297928836962,0.39751510259984835,0.586269435622326,0.23707175129475386,0.4825465206001561
