method-name,Cadenza-Labs_liars-bench_convincing-game_test,Cadenza-Labs_liars-bench_gender-secret_test,Cadenza-Labs_liars-bench_harm-pressure-choice_test,Cadenza-Labs_liars-bench_harm-pressure-knowledge-report_test,AVERAGE
all_DolusChat,0.9970260223048328,1.0,0.6852706916563875,0.938803422582634,0.9052750341359637
exaggeration,0.9973234200743496,1.0,0.6509577331203555,0.9326859254353724,0.8952417696575194
fabrication,0.9970047796070102,1.0,0.7477128535025511,0.9352851708351902,0.9200007009861879
omission,0.9972384492830588,1.0,0.7320057392428614,0.9297761573877508,0.9147550864784177
withoutDolusChat,0.99740839086564,1.0,0.7393277614648411,0.9312875685925938,0.9170059302307687
AVERAGE,0.9972002124269783,1.0,0.7110549557973994,0.9335676489667083,0.9104557042977716
