method-name,Cadenza-Labs_liars-bench_convincing-game_test,Cadenza-Labs_liars-bench_gender-secret_test,Cadenza-Labs_liars-bench_harm-pressure-choice_test,Cadenza-Labs_liars-bench_harm-pressure-knowledge-report_test,AVERAGE
all_DolusChat,0.6534997344662772,0.3369286081150487,0.5840700353211139,0.1554248968647563,0.432480818691799
exaggeration,0.7696016994158258,0.4077987298326282,0.5373981939987116,0.2351086819919129,0.48747682630976963
fabrication,0.7285289431757834,0.4116141234785302,0.6440302229775914,0.1444956181567243,0.48216722694715736
omission,0.6231120552310143,0.4186416220314525,0.6051542841879339,0.4163860963685371,0.5158235144547345
withoutDolusChat,0.6960037174721189,0.4566895753336432,0.6270439562070278,0.1351856685482673,0.4787307293902643
AVERAGE,0.694149229952204,0.40633453175826056,0.5995393385384757,0.21732019238603958,0.4793358231587449
