,Cadenza-Labs_liars-bench_convincing-game_test,Cadenza-Labs_liars-bench_gender-secret_test,Cadenza-Labs_liars-bench_harm-pressure-choice_test,Cadenza-Labs_liars-bench_harm-pressure-knowledge-report_test,AVERAGE
google/gemma-2-27b_SparseSAE,0.6586643653744025,0.4328189073951786,0.5154927739051984,0.47786222193597083,0.5212095671526876
AVERAGE,0.6586643653744025,0.4328189073951786,0.5154927739051984,0.47786222193597083,0.5212095671526876
