,Cadenza-Labs_liars-bench_convincing-game_test,Cadenza-Labs_liars-bench_gender-secret_test,Cadenza-Labs_liars-bench_harm-pressure-choice_test,Cadenza-Labs_liars-bench_harm-pressure-knowledge-report_test,AVERAGE
distilgpt2,0.008571428571428572,0.007532956685499058,0.003619331488183947,0.009892245186362834,0.007403990482868604
AVERAGE,0.008571428571428572,0.007532956685499058,0.003619331488183947,0.009892245186362834,0.007403990482868604
meta-llama/Llama-3.3-70B-Instruct,0.008571428571428572,0.007532956685499058,0.008516074089844582,0.00865571453806748,0.008319043471209923
