,Cadenza-Labs_liars-bench_convincing-game_test,Cadenza-Labs_liars-bench_gender-secret_test,Cadenza-Labs_liars-bench_harm-pressure-choice_test,Cadenza-Labs_liars-bench_harm-pressure-knowledge-report_test,AVERAGE
distilgpt2,0.3453584705257568,0.5382558433405891,0.5024370145163932,0.5408186312488332,0.4817174899078931
AVERAGE,0.3453584705257568,0.5382558433405891,0.5024370145163932,0.5408186312488332,0.4817174899078931
