,Cadenza-Labs_liars-bench_convincing-game_test,Cadenza-Labs_liars-bench_gender-secret_test,Cadenza-Labs_liars-bench_harm-pressure-choice_test,Cadenza-Labs_liars-bench_harm-pressure-knowledge-report_test,AVERAGE
distilgpt2,0.5291970802919708,0.5089285714285714,0.5054586241276171,0.4996461429582449,0.510807604701601
AVERAGE,0.5291970802919708,0.5089285714285714,0.5054586241276171,0.4996461429582449,0.510807604701601
meta-llama/Llama-3.3-70B-Instruct,0.9963503649635037,1.0,0.5260468594217348,0.5307195892859286,0.7632792034177918
