,Cadenza-Labs_liars-bench_convincing-game_test,Cadenza-Labs_liars-bench_gender-secret_test,Cadenza-Labs_liars-bench_harm-pressure-choice_test,Cadenza-Labs_liars-bench_harm-pressure-knowledge-report_test,AVERAGE
distilgpt2,0.002857142857142857,0.007532956685499058,0.00936768149882904,0.009185656244479774,0.007235859321487682
AVERAGE,0.002857142857142857,0.007532956685499058,0.00936768149882904,0.009185656244479774,0.007235859321487682
