,Cadenza-Labs_liars-bench_convincing-game_test,Cadenza-Labs_liars-bench_gender-secret_test,Cadenza-Labs_liars-bench_harm-pressure-choice_test,Cadenza-Labs_liars-bench_harm-pressure-knowledge-report_test,AVERAGE
distilgpt2,0.8438661710037175,0.5367965367965368,0.8975817923186344,0.7647476901208244,0.7607480475599283
AVERAGE,0.8438661710037175,0.5367965367965368,0.8975817923186344,0.7647476901208244,0.7607480475599283
