,Cadenza-Labs_liars-bench_convincing-game_test,Cadenza-Labs_liars-bench_gender-secret_test,Cadenza-Labs_liars-bench_harm-pressure-choice_test,Cadenza-Labs_liars-bench_harm-pressure-knowledge-report_test,AVERAGE
distilgpt2,0.058394160583941604,0.017857142857142856,0.011764705882352941,0.0,0.022004002330859352
AVERAGE,0.058394160583941604,0.017857142857142856,0.011764705882352941,0.0,0.022004002330859352
meta-llama/Llama-3.3-70B-Instruct,0.9927007299270073,1.0,0.052941176470588235,0.062146892655367235,0.5269471997632407
