,Cadenza-Labs_liars-bench_convincing-game_test,Cadenza-Labs_liars-bench_gender-secret_test,Cadenza-Labs_liars-bench_harm-pressure-choice_test,Cadenza-Labs_liars-bench_harm-pressure-knowledge-report_test,AVERAGE
distilgpt2,0.49943175783324484,0.502727028150757,0.5045914722359934,0.5035826620550062,0.5025832300687504
AVERAGE,0.49943175783324484,0.502727028150757,0.5045914722359934,0.5035826620550062,0.5025832300687504
meta-llama/Llama-3.3-70B-Instruct,0.7856771109930961,0.5113850368087657,0.5014318633818202,0.49673824081198975,0.573808062998918
