,Cadenza-Labs_liars-bench_convincing-game_test,Cadenza-Labs_liars-bench_gender-secret_test,Cadenza-Labs_liars-bench_harm-pressure-choice_test,Cadenza-Labs_liars-bench_harm-pressure-knowledge-report_test,AVERAGE
distilgpt2,0.5004301646309081,0.4962335216572505,0.5002948221239852,0.5032252244719321,0.500045933221019
AVERAGE,0.5004301646309081,0.4962335216572505,0.5002948221239852,0.5032252244719321,0.500045933221019
