,Cadenza-Labs_liars-bench_convincing-game_test,Cadenza-Labs_liars-bench_gender-secret_test,Cadenza-Labs_liars-bench_harm-pressure-choice_test,Cadenza-Labs_liars-bench_harm-pressure-knowledge-report_test,AVERAGE
distilgpt2,0.058394160583941604,0.017857142857142856,0.0,0.0,0.019062825860271117
AVERAGE,0.058394160583941604,0.017857142857142856,0.0,0.0,0.019062825860271117
meta-llama/Llama-3.3-70B-Instruct,0.9927007299270073,1.0,0.03529411764705882,0.04519774011299435,0.5182981469217651
