,Cadenza-Labs_liars-bench_convincing-game_test,Cadenza-Labs_liars-bench_gender-secret_test,Cadenza-Labs_liars-bench_harm-pressure-choice_test,Cadenza-Labs_liars-bench_harm-pressure-knowledge-report_test,AVERAGE
distilgpt2,0.007434944237918215,0.012987012987012988,0.012802275960170697,0.017057569296375266,0.012570450620369291
AVERAGE,0.007434944237918215,0.012987012987012988,0.012802275960170697,0.017057569296375266,0.012570450620369291
meta-llama/Llama-3.3-70B-Instruct,0.5799256505576208,0.030303030303030304,0.011379800853485065,0.0021321961620469083,0.1559351694690458
