,Cadenza-Labs_liars-bench_convincing-game_test,Cadenza-Labs_liars-bench_gender-secret_test,Cadenza-Labs_liars-bench_harm-pressure-choice_test,Cadenza-Labs_liars-bench_harm-pressure-knowledge-report_test,AVERAGE
google/gemma-2-27b_Dense,0.19144981412639406,0.3722943722943723,0.46799431009957326,0.457000710732054,0.37218480181309843
AVERAGE,0.19144981412639406,0.3722943722943723,0.46799431009957326,0.457000710732054,0.37218480181309843
