,Cadenza-Labs_liars-bench_convincing-game_test,Cadenza-Labs_liars-bench_gender-secret_test,Cadenza-Labs_liars-bench_harm-pressure-choice_test,Cadenza-Labs_liars-bench_harm-pressure-knowledge-report_test,AVERAGE
google/gemma-2-27b_Dense,0.6709559214020181,0.5088658986964072,0.4802025505217912,0.35375605129775456,0.5034451054794927
AVERAGE,0.6709559214020181,0.5088658986964072,0.4802025505217912,0.35375605129775456,0.5034451054794927
