,Cadenza-Labs_liars-bench_convincing-game_test,Cadenza-Labs_liars-bench_gender-secret_test,Cadenza-Labs_liars-bench_harm-pressure-choice_test,Cadenza-Labs_liars-bench_harm-pressure-knowledge-report_test,AVERAGE
google/gemma-2-27b_Dense,0.5743494423791822,0.4675324675324675,0.20056899004267426,0.32338308457711445,0.39145849613285955
AVERAGE,0.5743494423791822,0.4675324675324675,0.20056899004267426,0.32338308457711445,0.39145849613285955
