method-name,Cadenza-Labs_liars-bench_convincing-game_test,Cadenza-Labs_liars-bench_gender-secret_test,Cadenza-Labs_liars-bench_harm-pressure-choice_test,Cadenza-Labs_liars-bench_harm-pressure-knowledge-report_test,AVERAGE
all_DolusChat,0.933085501858736,1.0,0.4586894586894587,0.918918918918919,0.8276734698667784
exaggeration,0.9368029739776952,1.0,0.3703703703703703,0.8890469416785206,0.7990550715066465
fabrication,0.933085501858736,1.0,0.5156695156695157,0.9231863442389758,0.842985340441807
omission,0.933085501858736,1.0,0.5128205128205128,0.8506401137980085,0.8241365321193144
withoutDolusChat,0.929368029739777,1.0,0.5128205128205128,0.871977240398293,0.8285414457396457
AVERAGE,0.9330855018587361,1.0,0.47407407407407404,0.8907539118065433,0.8244783719348383
