method-name,Cadenza-Labs_liars-bench_convincing-game_test,Cadenza-Labs_liars-bench_gender-secret_test,Cadenza-Labs_liars-bench_harm-pressure-choice_test,Cadenza-Labs_liars-bench_harm-pressure-knowledge-report_test,AVERAGE
all_DolusChat,0.9739776951672864,0.0649350649350649,0.6941678520625889,0.0099502487562189,0.4357577152302898
exaggeration,0.9981412639405204,0.0562770562770562,0.8933143669985776,0.0078180525941719,0.4888876849525815
fabrication,0.9144981412639404,0.0779220779220779,0.957325746799431,0.0092395167022032,0.4897463706719132
omission,0.6970260223048327,0.5064935064935064,0.2375533428165007,0.0078180525941719,0.36222273105225294
withoutDolusChat,0.9907063197026024,0.0735930735930736,0.0056899004267425,0.0234541577825159,0.27336086287623357
AVERAGE,0.9148698884758364,0.1558441558441558,0.5576102418207681,0.01165600568585636,0.4099950729566542
