method-name,Cadenza-Labs_liars-bench_convincing-game_test,Cadenza-Labs_liars-bench_gender-secret_test,Cadenza-Labs_liars-bench_harm-pressure-choice_test,Cadenza-Labs_liars-bench_harm-pressure-knowledge-report_test,AVERAGE
all_DolusChat,0.6655390334572491,0.3422114608555286,0.5850167368717842,0.1538520836150335,0.43665482869989886
exaggeration,0.7851566648964418,0.4260522904590701,0.534898490032226,0.213960479983307,0.4900169813427612
fabrication,0.7355496548061605,0.4124864463847515,0.6413966603785414,0.1418761041236897,0.4828272164232858
omission,0.6121667551779078,0.427788783720987,0.589000394004708,0.3647094981598932,0.498416357765874
withoutDolusChat,0.7051672862453532,0.4553525570474723,0.621470500676713,0.1372722277024296,0.479815642917992
AVERAGE,0.7007158789166225,0.4127783076935619,0.5943565563927945,0.2023340787168706,0.47754620542996234
