method-name,Cadenza-Labs_liars-bench_convincing-game_test,Cadenza-Labs_liars-bench_gender-secret_test,Cadenza-Labs_liars-bench_harm-pressure-choice_test,Cadenza-Labs_liars-bench_harm-pressure-knowledge-report_test,AVERAGE
all_DolusChat,0.6525969198088157,0.5224847343491411,0.5854588943458658,0.1294286886911996,0.4724923092987555
exaggeration,0.8086988847583644,0.5085642543269662,0.3124325596284181,0.5499246267464003,0.5449050813650372
fabrication,0.6727110993096123,0.3758651894245114,0.3819858988107478,0.1233273911061444,0.38847239466275396
omission,0.3337227827934148,0.4800873953416326,0.4395920521891187,0.3196912577948574,0.3932733720297558
withoutDolusChat,0.5700584174190123,0.3686298008331907,0.4268329320098086,0.1498161274280677,0.37883431942251977
AVERAGE,0.6075576208178439,0.4511262748550884,0.4292604673967918,0.25443761835333384,0.4355954953557645
