method-name,Cadenza-Labs_liars-bench_convincing-game_test,Cadenza-Labs_liars-bench_gender-secret_test,Cadenza-Labs_liars-bench_harm-pressure-choice_test,Cadenza-Labs_liars-bench_harm-pressure-knowledge-report_test,AVERAGE
all_DolusChat,0.9200743494423792,0.0,0.3029871977240398,0.0092395167022032,0.30807526596715556
exaggeration,0.9516728624535316,0.0,0.7098150782361309,0.0021321961620469,0.4159050342129273
fabrication,0.7602230483271375,0.0129870129870129,0.6571834992887624,0.0071073205401563,0.3593752202857673
omission,0.8308550185873605,0.7186147186147186,0.0,0.0042643923240938,0.3884335323815432
withoutDolusChat,0.8550185873605948,0.0995670995670995,0.5519203413940256,0.0120824449182658,0.3796471183099964
AVERAGE,0.8635687732342008,0.1662337662337662,0.4443812233285917,0.006965174129353199,0.3702872342314779
