method-name,Cadenza-Labs_liars-bench_convincing-game_test,Cadenza-Labs_liars-bench_gender-secret_test,Cadenza-Labs_liars-bench_harm-pressure-choice_test,Cadenza-Labs_liars-bench_harm-pressure-knowledge-report_test,AVERAGE
all_DolusChat,0.9925650557620818,0.0173160173160173,0.310099573257468,0.0,0.3299951615838918
exaggeration,1.0,0.0303030303030303,0.3712660028449502,0.0014214641080312,0.3507476243140029
fabrication,0.9907063197026024,0.0086580086580086,0.6458036984352774,0.0021321961620469,0.4118250557394838
omission,0.6821561338289963,0.5324675324675324,0.3229018492176387,0.0,0.38438137887854185
withoutDolusChat,0.9888475836431226,0.1428571428571428,0.5405405405405406,0.0021321961620469,0.4185943658007132
AVERAGE,0.9308550185873606,0.14632034632034627,0.43812233285917496,0.001137171286425,0.37910871726332673
