method-name,Cadenza-Labs_liars-bench_convincing-game_test,Cadenza-Labs_liars-bench_gender-secret_test,Cadenza-Labs_liars-bench_harm-pressure-choice_test,Cadenza-Labs_liars-bench_harm-pressure-knowledge-report_test,AVERAGE
all_DolusChat,0.7162055231014339,0.632393344257751,0.2982701951640692,0.1286512901965052,0.4438800881799398
exaggeration,0.800541688794477,0.7446376598918971,0.2913251429213465,0.1367993479494796,0.4933259598893
fabrication,0.7979553903345724,0.6109765940274414,0.3192379991344616,0.145395552331461,0.4683913839569841
omission,0.3939883165161976,0.5872200617963329,0.4091346705669397,0.217345402595622,0.40192211286877305
withoutDolusChat,0.6476101964949548,0.7224871801142987,0.3103688047605217,0.141499269242904,0.4554913626531698
AVERAGE,0.6712602230483271,0.6595429680175442,0.32566736250946776,0.15393817246319436,0.4526021815096334
