method-name,Cadenza-Labs_liars-bench_convincing-game_test,Cadenza-Labs_liars-bench_gender-secret_test,Cadenza-Labs_liars-bench_harm-pressure-choice_test,Cadenza-Labs_liars-bench_harm-pressure-knowledge-report_test,AVERAGE
with_SAE,0.4649920339883165,0.5569537179706672,0.5295667068747311,0.4145473706492144,0.4915149573707323
without_SAE,0.4767764206054168,0.5836207107393548,0.5345421898484884,0.4333711612025922,0.5070776205989631
AVERAGE,0.47088422729686663,0.5702872143550111,0.5320544483616098,0.4239592659259033,0.4992962889848477
