method-name,Cadenza-Labs_liars-bench_convincing-game_test,Cadenza-Labs_liars-bench_gender-secret_test,Cadenza-Labs_liars-bench_harm-pressure-choice_test,Cadenza-Labs_liars-bench_harm-pressure-knowledge-report_test,AVERAGE
with_SAE,0.6635687732342007,0.1818181818181818,0.4054054054054054,0.2786069651741293,0.3823498314079793
without_SAE,0.191449814126394,0.3722943722943723,0.4679943100995732,0.457000710732054,0.3721848018130984
AVERAGE,0.42750929368029733,0.27705627705627706,0.4366998577524893,0.3678038379530917,0.3772673166105388
