method-name,Cadenza-Labs_liars-bench_convincing-game_test,Cadenza-Labs_liars-bench_gender-secret_test,Cadenza-Labs_liars-bench_harm-pressure-choice_test,Cadenza-Labs_liars-bench_harm-pressure-knowledge-report_test,AVERAGE
with_SAE,0.9200212426978226,0.782167374959137,0.6139637525333567,0.7616834146236069,0.7694589462034809
without_SAE,0.9173871481678172,0.7716410591696634,0.614152958341975,0.7876130606428623,0.7726985565805794
AVERAGE,0.9187041954328199,0.7769042170644003,0.6140583554376658,0.7746482376332346,0.7710787513920301
