method-name,Cadenza-Labs_liars-bench_convincing-game_test,Cadenza-Labs_liars-bench_gender-secret_test,Cadenza-Labs_liars-bench_harm-pressure-choice_test,Cadenza-Labs_liars-bench_harm-pressure-knowledge-report_test,AVERAGE
with_SAE,0.6586643653744025,0.4328189073951786,0.5154927739051984,0.4778622219359708,0.5212095671526876
without_SAE,0.6941556027615507,0.4802056073242514,0.5053965925406823,0.5427154233124383,0.5556183064847307
AVERAGE,0.6764099840679767,0.456512257359715,0.5104446832229403,0.5102888226242045,0.5384139368187091
