method-name,Cadenza-Labs_liars-bench_convincing-game_test,Cadenza-Labs_liars-bench_gender-secret_test,Cadenza-Labs_liars-bench_harm-pressure-choice_test,Cadenza-Labs_liars-bench_harm-pressure-knowledge-report_test,AVERAGE
with_SAE,0.6261338289962824,0.4524910118130457,0.4885665951239721,0.3390523974369452,0.4765609583425614
without_SAE,0.525724907063197,0.4403844742827793,0.4808500386584942,0.370524732684522,0.4543710381722481
AVERAGE,0.5759293680297397,0.4464377430479125,0.48470831689123317,0.35478856506073364,0.46546599825740476
