method-name,Cadenza-Labs_liars-bench_convincing-game_test,Cadenza-Labs_liars-bench_gender-secret_test,Cadenza-Labs_liars-bench_harm-pressure-choice_test,Cadenza-Labs_liars-bench_harm-pressure-knowledge-report_test,AVERAGE
with_SAE,0.6096654275092936,0.4805194805194805,0.1891891891891892,0.3845060412224591,0.4159700346101056
without_SAE,0.5743494423791822,0.4675324675324675,0.2005689900426742,0.3233830845771144,0.39145849613285955
AVERAGE,0.5920074349442379,0.474025974025974,0.1948790896159317,0.35394456289978676,0.4037142653714826
