method-name,Cadenza-Labs_liars-bench_convincing-game_test,Cadenza-Labs_liars-bench_gender-secret_test,Cadenza-Labs_liars-bench_harm-pressure-choice_test,Cadenza-Labs_liars-bench_harm-pressure-knowledge-report_test,AVERAGE
with_SAE,0.8698884758364313,0.1082251082251082,0.3072546230440967,0.1336176261549395,0.35474645831514395
without_SAE,0.9033457249070632,0.1125541125541125,0.3072546230440967,0.2388059701492537,0.3904901076636315
AVERAGE,0.8866171003717472,0.11038961038961034,0.3072546230440967,0.1862117981520966,0.3726182829893877
