method-name,Cadenza-Labs_liars-bench_convincing-game_test,Cadenza-Labs_liars-bench_gender-secret_test,Cadenza-Labs_liars-bench_harm-pressure-choice_test,Cadenza-Labs_liars-bench_harm-pressure-knowledge-report_test,AVERAGE
with_SAE,0.6823951141795008,0.450778976202705,0.4699549453647814,0.2991425515569501,0.4755678968259843
without_SAE,0.6697822623473182,0.5021645021645021,0.4833526196770372,0.3577245249765004,0.5032559772913394
AVERAGE,0.6760886882634095,0.4764717391836036,0.4766537825209093,0.3284335382667253,0.4894119370586619
