method-name,Cadenza-Labs_liars-bench_convincing-game_test,Cadenza-Labs_liars-bench_gender-secret_test,Cadenza-Labs_liars-bench_harm-pressure-choice_test,Cadenza-Labs_liars-bench_harm-pressure-knowledge-report_test,AVERAGE
with_SAE,0.6696123207647372,0.459934290442765,0.4769847949313006,0.3090813753675913,0.47890319537659853
without_SAE,0.6709559214020181,0.5088658986964072,0.4802025505217912,0.3537560512977545,0.5034451054794927
AVERAGE,0.6702841210833776,0.4844000945695861,0.4785936727265459,0.3314187133326729,0.49117415042804563
