method-name,Cadenza-Labs_liars-bench_convincing-game_test,Cadenza-Labs_liars-bench_gender-secret_test,Cadenza-Labs_liars-bench_harm-pressure-choice_test,Cadenza-Labs_liars-bench_harm-pressure-knowledge-report_test,AVERAGE
with_SAE,0.7825278810408922,0.1558441558441558,0.3968705547652916,0.3624733475479744,0.4244289847995785
without_SAE,0.8401486988847584,0.2034632034632034,0.3755334281650071,0.2018479033404406,0.40524830846335236
AVERAGE,0.8113382899628253,0.17965367965367962,0.38620199146514933,0.2821606254442075,0.4148386466314654
