method-name,Cadenza-Labs_liars-bench_convincing-game_test,Cadenza-Labs_liars-bench_gender-secret_test,Cadenza-Labs_liars-bench_harm-pressure-choice_test,Cadenza-Labs_liars-bench_harm-pressure-knowledge-report_test,AVERAGE
with_SAE,0.6520286776420605,0.4428546970919852,0.4706758740408439,0.342117547121937,0.47691919897420665
without_SAE,0.6608868826340946,0.462257767342513,0.4785842844514113,0.3789853443058009,0.49517856968345497
AVERAGE,0.6564577801380775,0.4525562322172491,0.4746300792461276,0.36055144571386893,0.4860488843288308
