method-name,Cadenza-Labs_liars-bench_convincing-game_test,Cadenza-Labs_liars-bench_gender-secret_test,Cadenza-Labs_liars-bench_harm-pressure-choice_test,Cadenza-Labs_liars-bench_harm-pressure-knowledge-report_test,AVERAGE
with_SAE,0.7899628252788105,0.0346320346320346,0.2275960170697012,0.1016346837242359,0.2884563901761955
without_SAE,0.9219330855018588,0.1212121212121212,0.2844950213371266,0.2196162046908315,0.3868141081854845
AVERAGE,0.8559479553903346,0.07792207792207789,0.2560455192034139,0.16062544420753372,0.33763524918084
