method-name,Cadenza-Labs_liars-bench_convincing-game_test,Cadenza-Labs_liars-bench_gender-secret_test,Cadenza-Labs_liars-bench_harm-pressure-choice_test,Cadenza-Labs_liars-bench_harm-pressure-knowledge-report_test,AVERAGE
with_SAE,0.8401486988847584,0.7739130434782608,0.3219373219373219,0.5362731152204836,0.6180680448802062
without_SAE,0.8215613382899628,0.6956521739130435,0.396011396011396,0.5874822190611664,0.6251767818188921
AVERAGE,0.8308550185873607,0.7347826086956522,0.3589743589743589,0.561877667140825,0.6216224133495492
