method-name,Cadenza-Labs_liars-bench_convincing-game_test,Cadenza-Labs_liars-bench_gender-secret_test,Cadenza-Labs_liars-bench_harm-pressure-choice_test,Cadenza-Labs_liars-bench_harm-pressure-knowledge-report_test,AVERAGE
with_SAE,0.8643122676579925,0.1082251082251082,0.2901849217638691,0.1272210376687988,0.34748583382894216
without_SAE,0.933085501858736,0.2207792207792207,0.3172119487908961,0.3169864960909737,0.44701579187995655
AVERAGE,0.8986988847583642,0.16450216450216443,0.3036984352773826,0.22210376687988626,0.39725081285444935
