,Cadenza-Labs_liars-bench_convincing-game_test,Cadenza-Labs_liars-bench_gender-secret_test,Cadenza-Labs_liars-bench_harm-pressure-choice_test,Cadenza-Labs_liars-bench_harm-pressure-knowledge-report_test,AVERAGE
mistralai/Mistral-Small-3.1-24B-Instruct-2503_Dense,0.9516728624535316,0.06493506493506493,0.031294452347083924,0.011371712864250177,0.2648185231499826
AVERAGE,0.9516728624535316,0.06493506493506493,0.031294452347083924,0.011371712864250177,0.2648185231499826
