,Cadenza-Labs_liars-bench_convincing-game_test,Cadenza-Labs_liars-bench_gender-secret_test,Cadenza-Labs_liars-bench_harm-pressure-choice_test,Cadenza-Labs_liars-bench_harm-pressure-knowledge-report_test,AVERAGE
distilgpt2,0.38104089219330856,0.341991341991342,0.26173541963015645,0.40440653873489696,0.34729354813742597
AVERAGE,0.38104089219330856,0.341991341991342,0.26173541963015645,0.40440653873489696,0.34729354813742597
