,Cadenza-Labs_liars-bench_convincing-game_test,Cadenza-Labs_liars-bench_gender-secret_test,Cadenza-Labs_liars-bench_harm-pressure-choice_test,Cadenza-Labs_liars-bench_harm-pressure-knowledge-report_test,AVERAGE
distilgpt2,0.5330270844397239,0.4863811643472661,0.3840266372621851,0.40115733443213686,0.451148055120328
AVERAGE,0.5330270844397239,0.4863811643472661,0.3840266372621851,0.40115733443213686,0.451148055120328
