,Cadenza-Labs_liars-bench_convincing-game_test,Cadenza-Labs_liars-bench_gender-secret_test,Cadenza-Labs_liars-bench_harm-pressure-choice_test,Cadenza-Labs_liars-bench_harm-pressure-knowledge-report_test,AVERAGE
distilgpt2,0.5092936802973977,0.5064935064935064,0.49989354907387695,0.4996467055290585,0.5038318603484598
AVERAGE,0.5092936802973977,0.5064935064935064,0.49989354907387695,0.4996467055290585,0.5038318603484598
