,Cadenza-Labs_liars-bench_convincing-game_test,Cadenza-Labs_liars-bench_gender-secret_test,Cadenza-Labs_liars-bench_harm-pressure-choice_test,Cadenza-Labs_liars-bench_harm-pressure-knowledge-report_test,AVERAGE
distilgpt2,0.855878916622411,0.9049362536776724,0.5181091790287192,0.5115898307350091,0.697628545015953
AVERAGE,0.855878916622411,0.9049362536776724,0.5181091790287192,0.5115898307350091,0.697628545015953
