,Cadenza-Labs_liars-bench_convincing-game_test,Cadenza-Labs_liars-bench_gender-secret_test,Cadenza-Labs_liars-bench_harm-pressure-choice_test,Cadenza-Labs_liars-bench_harm-pressure-knowledge-report_test,AVERAGE
distilgpt2,0.8810408921933085,0.9826086956521739,0.09116809116809117,0.35135135135135137,0.5765422575912312
AVERAGE,0.8810408921933085,0.9826086956521739,0.09116809116809117,0.35135135135135137,0.5765422575912312
