,Cadenza-Labs_liars-bench_convincing-game_test,Cadenza-Labs_liars-bench_gender-secret_test,Cadenza-Labs_liars-bench_harm-pressure-choice_test,Cadenza-Labs_liars-bench_harm-pressure-knowledge-report_test,AVERAGE
distilgpt2,0.002857142857142857,0.007532956685499058,0.005535448158398978,0.009362303479950538,0.0063219627952478576
AVERAGE,0.002857142857142857,0.007532956685499058,0.005535448158398978,0.009362303479950538,0.0063219627952478576
