,Cadenza-Labs_liars-bench_convincing-game_test,Cadenza-Labs_liars-bench_gender-secret_test,Cadenza-Labs_liars-bench_harm-pressure-choice_test,Cadenza-Labs_liars-bench_harm-pressure-knowledge-report_test,AVERAGE
distilgpt2,0.008571428571428572,0.009416195856873822,0.0017032148179689163,0.009185656244479774,0.007219123872687771
AVERAGE,0.008571428571428572,0.009416195856873822,0.0017032148179689163,0.009185656244479774,0.007219123872687771
