,Cadenza-Labs_liars-bench_convincing-game_test,Cadenza-Labs_liars-bench_gender-secret_test,Cadenza-Labs_liars-bench_harm-pressure-choice_test,Cadenza-Labs_liars-bench_harm-pressure-knowledge-report_test,AVERAGE
distilgpt2,0.7174721189591078,0.8173913043478261,0.045584045584045586,0.032716927453769556,0.40329109908618727
AVERAGE,0.7174721189591078,0.8173913043478261,0.045584045584045586,0.032716927453769556,0.40329109908618727
