,Cadenza-Labs_liars-bench_convincing-game_test,Cadenza-Labs_liars-bench_gender-secret_test,Cadenza-Labs_liars-bench_harm-pressure-choice_test,Cadenza-Labs_liars-bench_harm-pressure-knowledge-report_test,AVERAGE
distilgpt2,0.8122676579925651,0.7217391304347827,0.5040606477388087,0.49982338396326387,0.6344727050323551
AVERAGE,0.8122676579925651,0.7217391304347827,0.5040606477388087,0.49982338396326387,0.6344727050323551
