,Cadenza-Labs_liars-bench_convincing-game_test,Cadenza-Labs_liars-bench_gender-secret_test,Cadenza-Labs_liars-bench_harm-pressure-choice_test,Cadenza-Labs_liars-bench_harm-pressure-knowledge-report_test,AVERAGE
distilgpt2,0.0037174721189591076,0.004329004329004329,0.00995732574679943,0.0014214641080312722,0.004856316575698535
AVERAGE,0.0037174721189591076,0.004329004329004329,0.00995732574679943,0.0014214641080312722,0.004856316575698535
